{
  "bookendVersion": "v1.0",
  "shareProviders": [
    "facebook",
    "twitter",
    "email"
  ],
  "components": [
    {
      "type": "heading",
      "text": "MORE TECH STORIES FROM WIDLE STUDIO LLP"
    },
    {
      "type": "landscape",
      "title": "HIRE US FLUTTER",
      "url": "http://widle.studio/contact.html",
      "image": "assets/why-flutter.png"
    },
    {
      "type": "landscape",
      "title": "HIRE US REACT NATIVE",
      "url": "http://widle.studio/contact.html",
      "image": "assets/why-flutter.png"
    },
    {
      "type": "landscape",
      "title": "HIRE US LARAVEL",
      "url": "http://widle.studio/contact.html",
      "image": "assets/why-flutter.png"
    },
    {
      "type": "cta-link",
      "links": [
        {
          "text": "Learn more",
          "url": "https://www.widle.studio/stories/"
        }
      ]
    }
  ]
}
